epoch,step,loss,lr
1,1,15.157463073730469,0.0003
1,2,8.073668479919434,0.0003
1,3,14.25605297088623,0.0003
1,4,8.057870864868164,0.0003
1,5,20.76881980895996,0.0003
1,6,12.612903594970703,0.0003
1,7,23.351987838745117,0.0003
1,8,26.400272369384766,0.0003
1,9,8.300302505493164,0.0003
1,10,9.971055030822754,0.0003
1,11,8.100140571594238,0.0003
1,12,7.8862433433532715,0.0003
1,13,7.797750473022461,0.0003
1,14,95.97319793701172,0.0003
1,15,9.811347961425781,0.0003
1,16,29.024080276489258,0.0003
1,17,22.869014739990234,0.0003
1,18,12.662192344665527,0.0003
1,19,9.014284133911133,0.0003
1,20,12.85173225402832,0.0003
1,21,9.827754974365234,0.0003
1,22,6.676526069641113,0.0003
1,23,6.886309623718262,0.0003
1,24,8.678065299987793,0.0003
1,25,5.325234889984131,0.0003
1,26,6.645626544952393,0.0003
1,27,10.137481689453125,0.0003
1,28,7.2262091636657715,0.0003
1,29,5.426740646362305,0.0003
1,30,3.889528274536133,0.0003
1,31,6.035261154174805,0.0003
1,32,6.509760856628418,0.0003
1,33,7.401600360870361,0.0003
1,34,7.00213623046875,0.0003
1,35,7.128862380981445,0.0003
1,36,5.508687973022461,0.0003
1,37,4.933423042297363,0.0003
1,38,4.399229049682617,0.0003
1,39,6.261500835418701,0.0003
1,40,5.065036773681641,0.0003
1,41,5.308078289031982,0.0003
1,42,5.809867858886719,0.0003
1,43,6.213570594787598,0.0003
1,44,3.8934860229492188,0.0003
2,1,4.497807025909424,0.0003
2,2,6.240857124328613,0.0003
2,3,4.221438884735107,0.0003
2,4,3.964526653289795,0.0003
2,5,4.4952311515808105,0.0003
2,6,4.166411399841309,0.0003
2,7,4.898168087005615,0.0003
2,8,5.533553600311279,0.0003
2,9,3.452695846557617,0.0003
2,10,6.576732635498047,0.0003
2,11,4.243721961975098,0.0003
2,12,5.012608528137207,0.0003
2,13,4.892744064331055,0.0003
2,14,5.126026153564453,0.0003
2,15,3.9182891845703125,0.0003
2,16,5.614029407501221,0.0003
2,17,4.434798240661621,0.0003
2,18,4.691283702850342,0.0003
2,19,4.518159866333008,0.0003
2,20,4.828851222991943,0.0003
2,21,3.2429580688476562,0.0003
2,22,4.877114295959473,0.0003
2,23,5.126157760620117,0.0003
2,24,5.071239948272705,0.0003
2,25,4.74322509765625,0.0003
2,26,3.4615395069122314,0.0003
2,27,4.8028154373168945,0.0003
2,28,5.888036251068115,0.0003
2,29,6.312609672546387,0.0003
2,30,4.822290420532227,0.0003
2,31,7.948688507080078,0.0003
2,32,4.155473709106445,0.0003
2,33,7.201987266540527,0.0003
2,34,4.637312889099121,0.0003
2,35,5.0774126052856445,0.0003
2,36,4.225244045257568,0.0003
2,37,5.195895195007324,0.0003
2,38,6.016845226287842,0.0003
2,39,4.150305271148682,0.0003
2,40,4.181369781494141,0.0003
2,41,5.494858264923096,0.0003
2,42,5.320223808288574,0.0003
2,43,4.288894176483154,0.0003
2,44,3.704749584197998,0.0003
3,1,5.168401718139648,0.0003
3,2,4.016101837158203,0.0003
3,3,4.163130760192871,0.0003
3,4,4.037195205688477,0.0003
3,5,5.929560661315918,0.0003
3,6,4.808898448944092,0.0003
3,7,3.319614887237549,0.0003
3,8,5.783280849456787,0.0003
3,9,5.820441246032715,0.0003
3,10,4.762363433837891,0.0003
3,11,3.100856304168701,0.0003
3,12,2.652230978012085,0.0003
3,13,4.158443927764893,0.0003
3,14,3.558300018310547,0.0003
3,15,4.669930458068848,0.0003
3,16,4.61177921295166,0.0003
3,17,5.494040012359619,0.0003
3,18,5.24026346206665,0.0003
3,19,5.76645040512085,0.0003
3,20,4.568406105041504,0.0003
3,21,4.222431659698486,0.0003
3,22,4.524465560913086,0.0003
3,23,4.564320087432861,0.0003
3,24,4.0597429275512695,0.0003
3,25,4.235724925994873,0.0003
3,26,3.4638824462890625,0.0003
3,27,3.723963737487793,0.0003
3,28,4.838492393493652,0.0003
3,29,4.455893516540527,0.0003
3,30,4.227293014526367,0.0003
3,31,4.742011070251465,0.0003
3,32,4.265023231506348,0.0003
3,33,4.559219837188721,0.0003
3,34,4.079312801361084,0.0003
3,35,4.770333290100098,0.0003
3,36,3.653411626815796,0.0003
3,37,4.253730297088623,0.0003
3,38,3.958890914916992,0.0003
3,39,6.381678581237793,0.0003
3,40,3.6969079971313477,0.0003
3,41,4.077303409576416,0.0003
3,42,4.185434818267822,0.0003
3,43,3.1848480701446533,0.0003
3,44,3.196164846420288,0.0003
4,1,5.2716803550720215,0.0003
4,2,4.849625110626221,0.0003
4,3,4.2616353034973145,0.0003
4,4,5.324057579040527,0.0003
4,5,5.315121650695801,0.0003
4,6,2.7879629135131836,0.0003
4,7,5.384823799133301,0.0003
4,8,4.468684673309326,0.0003
4,9,4.865787982940674,0.0003
4,10,3.6003215312957764,0.0003
4,11,5.061348915100098,0.0003
4,12,3.838038444519043,0.0003
4,13,3.1251463890075684,0.0003
4,14,3.570765972137451,0.0003
4,15,4.581015586853027,0.0003
4,16,3.272878885269165,0.0003
4,17,3.1285128593444824,0.0003
4,18,4.304749011993408,0.0003
4,19,4.579419136047363,0.0003
4,20,3.1514463424682617,0.0003
4,21,5.848472595214844,0.0003
4,22,5.774968147277832,0.0003
4,23,4.193410396575928,0.0003
4,24,4.99049186706543,0.0003
4,25,5.459017276763916,0.0003
4,26,4.32451057434082,0.0003
4,27,5.213333606719971,0.0003
4,28,4.2591471672058105,0.0003
4,29,5.794961452484131,0.0003
4,30,6.047796249389648,0.0003
4,31,4.666527271270752,0.0003
4,32,4.668492794036865,0.0003
4,33,3.2727274894714355,0.0003
4,34,4.7975873947143555,0.0003
4,35,4.396623611450195,0.0003
4,36,3.6409947872161865,0.0003
4,37,4.315752983093262,0.0003
4,38,4.857356548309326,0.0003
4,39,5.482817649841309,0.0003
4,40,5.420271873474121,0.0003
4,41,3.780933141708374,0.0003
4,42,5.05406379699707,0.0003
4,43,4.180471420288086,0.0003
4,44,3.0814011096954346,0.0003
5,1,4.696033954620361,0.0003
5,2,4.126611709594727,0.0003
5,3,4.149782657623291,0.0003
5,4,3.2395129203796387,0.0003
5,5,4.584617614746094,0.0003
5,6,4.011734962463379,0.0003
5,7,5.250007629394531,0.0003
5,8,5.229842185974121,0.0003
5,9,3.2549149990081787,0.0003
5,10,4.3355326652526855,0.0003
5,11,4.151710510253906,0.0003
5,12,4.455537796020508,0.0003
5,13,3.458484649658203,0.0003
5,14,4.082491874694824,0.0003
5,15,3.32601261138916,0.0003
5,16,4.441883563995361,0.0003
5,17,4.303249835968018,0.0003
5,18,4.596821308135986,0.0003
5,19,4.044680118560791,0.0003
5,20,5.281038284301758,0.0003
5,21,4.661678314208984,0.0003
5,22,4.646644115447998,0.0003
5,23,4.211723327636719,0.0003
5,24,4.143482208251953,0.0003
5,25,4.797026634216309,0.0003
5,26,5.5866379737854,0.0003
5,27,4.168825626373291,0.0003
5,28,4.5630717277526855,0.0003
5,29,5.205004692077637,0.0003
5,30,4.523312568664551,0.0003
5,31,3.325345039367676,0.0003
5,32,4.712932586669922,0.0003
5,33,5.00921106338501,0.0003
5,34,4.3347487449646,0.0003
5,35,4.835383892059326,0.0003
5,36,3.2600178718566895,0.0003
5,37,4.074318885803223,0.0003
5,38,4.6639275550842285,0.0003
5,39,4.709129810333252,0.0003
5,40,5.977643013000488,0.0003
5,41,4.270663261413574,0.0003
5,42,3.5717010498046875,0.0003
5,43,2.91787052154541,0.0003
5,44,2.440363645553589,0.0003
6,1,5.091339588165283,0.0003
6,2,4.207211017608643,0.0003
6,3,4.643180847167969,0.0003
6,4,3.316843032836914,0.0003
6,5,4.307673931121826,0.0003
6,6,4.46598482131958,0.0003
6,7,4.023745536804199,0.0003
6,8,4.375971794128418,0.0003
6,9,4.454122543334961,0.0003
6,10,3.784780979156494,0.0003
6,11,3.370537519454956,0.0003
6,12,4.319972515106201,0.0003
6,13,5.192066669464111,0.0003
6,14,3.944218635559082,0.0003
6,15,2.9803295135498047,0.0003
6,16,2.398895263671875,0.0003
6,17,3.501828193664551,0.0003
6,18,4.531148433685303,0.0003
6,19,3.660348653793335,0.0003
6,20,4.062610626220703,0.0003
6,21,3.4566922187805176,0.0003
6,22,3.2574610710144043,0.0003
6,23,4.8545074462890625,0.0003
6,24,4.589585304260254,0.0003
6,25,4.620050430297852,0.0003
6,26,3.942117691040039,0.0003
6,27,3.5194437503814697,0.0003
6,28,3.1213877201080322,0.0003
6,29,5.162624359130859,0.0003
6,30,4.591556072235107,0.0003
6,31,5.797868251800537,0.0003
6,32,4.239263534545898,0.0003
6,33,5.580333232879639,0.0003
6,34,3.871767044067383,0.0003
6,35,4.860382556915283,0.0003
6,36,5.01455020904541,0.0003
6,37,4.085932731628418,0.0003
6,38,4.435381889343262,0.0003
6,39,5.289834499359131,0.0003
6,40,4.974773406982422,0.0003
6,41,3.1586625576019287,0.0003
6,42,3.908708095550537,0.0003
6,43,3.4777379035949707,0.0003
6,44,2.3285717964172363,0.0003
7,1,4.374347686767578,0.0003
7,2,3.9302785396575928,0.0003
7,3,3.0351972579956055,0.0003
7,4,4.3129730224609375,0.0003
7,5,3.8132781982421875,0.0003
7,6,4.5664167404174805,0.0003
7,7,2.83791184425354,0.0003
7,8,2.8954434394836426,0.0003
7,9,2.917550563812256,0.0003
7,10,3.0496346950531006,0.0003
7,11,4.498652458190918,0.0003
7,12,4.508544921875,0.0003
7,13,3.7590370178222656,0.0003
7,14,3.955200672149658,0.0003
7,15,5.42390775680542,0.0003
7,16,4.189074993133545,0.0003
7,17,4.0549845695495605,0.0003
7,18,4.254578590393066,0.0003
7,19,4.413898944854736,0.0003
7,20,3.2117908000946045,0.0003
7,21,5.113269805908203,0.0003
7,22,3.8856000900268555,0.0003
7,23,5.018834114074707,0.0003
7,24,3.8516736030578613,0.0003
7,25,4.881505489349365,0.0003
7,26,2.4763684272766113,0.0003
7,27,4.588684558868408,0.0003
7,28,3.6641721725463867,0.0003
7,29,4.393522262573242,0.0003
7,30,4.0188493728637695,0.0003
7,31,4.033588409423828,0.0003
7,32,4.0513505935668945,0.0003
7,33,4.241082668304443,0.0003
7,34,3.4022698402404785,0.0003
7,35,2.3505499362945557,0.0003
7,36,4.410549640655518,0.0003
7,37,6.474050521850586,0.0003
7,38,3.9139723777770996,0.0003
7,39,3.778182029724121,0.0003
7,40,5.623134136199951,0.0003
7,41,4.827636241912842,0.0003
7,42,5.672894477844238,0.0003
7,43,3.931706190109253,0.0003
7,44,3.9562649726867676,0.0003
8,1,4.28706693649292,0.0003
8,2,3.7366955280303955,0.0003
8,3,2.967749834060669,0.0003
8,4,4.16525936126709,0.0003
8,5,4.754714012145996,0.0003
8,6,3.0263583660125732,0.0003
8,7,3.8097217082977295,0.0003
8,8,4.125321388244629,0.0003
8,9,4.605803489685059,0.0003
8,10,3.9072508811950684,0.0003
8,11,3.3900067806243896,0.0003
8,12,4.475693702697754,0.0003
8,13,3.064479351043701,0.0003
8,14,4.202892303466797,0.0003
8,15,4.268064975738525,0.0003
8,16,3.2399721145629883,0.0003
8,17,4.304771900177002,0.0003
8,18,4.922529220581055,0.0003
8,19,2.7094266414642334,0.0003
8,20,4.688354015350342,0.0003
8,21,4.455948829650879,0.0003
8,22,4.0240044593811035,0.0003
8,23,4.036134719848633,0.0003
8,24,4.7238850593566895,0.0003
8,25,3.92702579498291,0.0003
8,26,2.9696052074432373,0.0003
8,27,3.8888278007507324,0.0003
8,28,4.5173773765563965,0.0003
8,29,3.681164503097534,0.0003
8,30,3.8147339820861816,0.0003
8,31,4.25341796875,0.0003
8,32,4.07919979095459,0.0003
8,33,3.2164974212646484,0.0003
8,34,4.510975360870361,0.0003
8,35,4.2645158767700195,0.0003
8,36,3.2619287967681885,0.0003
8,37,3.987924098968506,0.0003
8,38,4.8450140953063965,0.0003
8,39,5.456732749938965,0.0003
8,40,3.8729686737060547,0.0003
8,41,3.516040563583374,0.0003
8,42,5.32470703125,0.0003
8,43,3.5162887573242188,0.0003
8,44,2.604504108428955,0.0003
9,1,4.669819355010986,0.0003
9,2,2.6344287395477295,0.0003
9,3,3.4430627822875977,0.0003
9,4,3.4742531776428223,0.0003
9,5,3.3674991130828857,0.0003
9,6,3.977773666381836,0.0003
9,7,4.837177276611328,0.0003
9,8,3.7011847496032715,0.0003
9,9,2.9987053871154785,0.0003
9,10,4.055157661437988,0.0003
9,11,4.148009300231934,0.0003
9,12,4.174404144287109,0.0003
9,13,4.141197681427002,0.0003
9,14,5.721456527709961,0.0003
9,15,4.355158805847168,0.0003
9,16,5.440158843994141,0.0003
9,17,3.4841396808624268,0.0003
9,18,3.2526865005493164,0.0003
9,19,5.0901336669921875,0.0003
9,20,4.257731914520264,0.0003
9,21,3.9790186882019043,0.0003
9,22,4.033063888549805,0.0003
9,23,3.3188109397888184,0.0003
9,24,4.650946617126465,0.0003
9,25,3.858065128326416,0.0003
9,26,3.847562551498413,0.0003
9,27,3.360551118850708,0.0003
9,28,4.176851749420166,0.0003
9,29,3.864223003387451,0.0003
9,30,3.8616280555725098,0.0003
9,31,3.1543123722076416,0.0003
9,32,3.5637567043304443,0.0003
9,33,3.8333096504211426,0.0003
9,34,2.4792075157165527,0.0003
9,35,4.538686752319336,0.0003
9,36,3.448960781097412,0.0003
9,37,4.430912017822266,0.0003
9,38,3.2650504112243652,0.0003
9,39,3.403599977493286,0.0003
9,40,4.222010135650635,0.0003
9,41,3.494810104370117,0.0003
9,42,3.642820358276367,0.0003
9,43,3.2824108600616455,0.0003
9,44,1.9125018119812012,0.0003
10,1,3.74387526512146,0.0003
10,2,3.5451231002807617,0.0003
10,3,3.8028862476348877,0.0003
10,4,4.34083366394043,0.0003
10,5,2.5714197158813477,0.0003
10,6,4.861787796020508,0.0003
10,7,4.154985427856445,0.0003
10,8,4.283753871917725,0.0003
10,9,4.988540172576904,0.0003
10,10,4.3636908531188965,0.0003
10,11,4.1581315994262695,0.0003
10,12,3.1408751010894775,0.0003
10,13,4.0255279541015625,0.0003
10,14,4.320720672607422,0.0003
10,15,3.714600086212158,0.0003
10,16,3.7872939109802246,0.0003
10,17,2.6001780033111572,0.0003
10,18,2.5783965587615967,0.0003
10,19,3.9536049365997314,0.0003
10,20,3.346052646636963,0.0003
10,21,3.0293397903442383,0.0003
10,22,3.8391895294189453,0.0003
10,23,3.7761945724487305,0.0003
10,24,4.323978900909424,0.0003
10,25,2.9277429580688477,0.0003
10,26,2.7912824153900146,0.0003
10,27,4.328142166137695,0.0003
10,28,3.2229723930358887,0.0003
10,29,4.30645751953125,0.0003
10,30,4.506934642791748,0.0003
10,31,4.369764804840088,0.0003
10,32,3.4123804569244385,0.0003
10,33,3.827134132385254,0.0003
10,34,3.8865699768066406,0.0003
10,35,4.001574516296387,0.0003
10,36,4.657166004180908,0.0003
10,37,4.115123271942139,0.0003
10,38,4.710053443908691,0.0003
10,39,3.0089075565338135,0.0003
10,40,3.6805474758148193,0.0003
10,41,2.5799643993377686,0.0003
10,42,4.056259632110596,0.0003
10,43,3.771122932434082,0.0003
10,44,2.6749775409698486,0.0003
11,1,3.5291619300842285,0.0003
11,2,2.8800408840179443,0.0003
11,3,4.020597457885742,0.0003
11,4,3.0244288444519043,0.0003
11,5,3.4938817024230957,0.0003
11,6,4.828176498413086,0.0003
11,7,3.526384115219116,0.0003
11,8,4.615428924560547,0.0003
11,9,4.183589935302734,0.0003
11,10,3.2087502479553223,0.0003
11,11,3.3733184337615967,0.0003
11,12,5.55220890045166,0.0003
11,13,3.7745423316955566,0.0003
11,14,3.4809443950653076,0.0003
11,15,3.6255221366882324,0.0003
11,16,2.9677391052246094,0.0003
11,17,3.6039772033691406,0.0003
11,18,3.231820583343506,0.0003
11,19,4.022717475891113,0.0003
11,20,3.2653071880340576,0.0003
11,21,4.064765930175781,0.0003
11,22,5.515261173248291,0.0003
11,23,3.3881561756134033,0.0003
11,24,4.540921211242676,0.0003
11,25,3.5790576934814453,0.0003
11,26,3.2459449768066406,0.0003
11,27,3.3038089275360107,0.0003
11,28,2.7255234718322754,0.0003
11,29,2.6145823001861572,0.0003
11,30,3.3365118503570557,0.0003
11,31,4.478826999664307,0.0003
11,32,3.6762285232543945,0.0003
11,33,3.041865348815918,0.0003
11,34,3.692996025085449,0.0003
11,35,4.060571193695068,0.0003
11,36,3.9964439868927,0.0003
11,37,4.578595161437988,0.0003
11,38,3.663757801055908,0.0003
11,39,3.136110305786133,0.0003
11,40,5.3119378089904785,0.0003
11,41,3.1982617378234863,0.0003
11,42,1.84178626537323,0.0003
11,43,2.8937461376190186,0.0003
11,44,2.735504388809204,0.0003
12,1,4.786124229431152,0.0003
12,2,4.704314708709717,0.0003
12,3,3.7999427318573,0.0003
12,4,3.8577797412872314,0.0003
12,5,4.040891647338867,0.0003
12,6,4.7705793380737305,0.0003
12,7,2.2785282135009766,0.0003
12,8,4.341261863708496,0.0003
12,9,3.513845682144165,0.0003
12,10,4.089884281158447,0.0003
12,11,2.6811296939849854,0.0003
12,12,4.401130676269531,0.0003
12,13,2.318133592605591,0.0003
12,14,2.4859602451324463,0.0003
12,15,3.4021902084350586,0.0003
12,16,4.0150346755981445,0.0003
12,17,2.720907211303711,0.0003
12,18,4.357001304626465,0.0003
12,19,3.2377381324768066,0.0003
12,20,2.645747184753418,0.0003
12,21,3.521928310394287,0.0003
12,22,3.244328498840332,0.0003
12,23,5.639496803283691,0.0003
12,24,3.5218076705932617,0.0003
12,25,3.2515766620635986,0.0003
12,26,3.0619277954101562,0.0003
12,27,4.256920337677002,0.0003
12,28,2.7753350734710693,0.0003
12,29,2.646291732788086,0.0003
12,30,3.1506218910217285,0.0003
12,31,3.6201424598693848,0.0003
12,32,2.8148033618927,0.0003
12,33,3.758068323135376,0.0003
12,34,3.779622793197632,0.0003
12,35,4.744584560394287,0.0003
12,36,3.760528087615967,0.0003
12,37,3.6579737663269043,0.0003
12,38,4.13943338394165,0.0003
12,39,3.249021053314209,0.0003
12,40,3.2452704906463623,0.0003
12,41,4.241023063659668,0.0003
12,42,4.012752532958984,0.0003
12,43,2.83073353767395,0.0003
12,44,3.4413857460021973,0.0003
13,1,4.148190498352051,0.0003
13,2,3.0530147552490234,0.0003
13,3,3.099369764328003,0.0003
13,4,3.4842958450317383,0.0003
13,5,2.8474438190460205,0.0003
13,6,3.967461585998535,0.0003
13,7,4.084972381591797,0.0003
13,8,2.7487192153930664,0.0003
13,9,3.7720725536346436,0.0003
13,10,3.7846126556396484,0.0003
13,11,3.4755547046661377,0.0003
13,12,4.211408615112305,0.0003
13,13,3.769583225250244,0.0003
13,14,3.2897090911865234,0.0003
13,15,5.506906986236572,0.0003
13,16,3.2006664276123047,0.0003
13,17,3.675729274749756,0.0003
13,18,2.9437379837036133,0.0003
13,19,3.0831682682037354,0.0003
13,20,2.7807767391204834,0.0003
13,21,3.606255054473877,0.0003
13,22,5.304322719573975,0.0003
13,23,2.989968776702881,0.0003
13,24,4.811028957366943,0.0003
13,25,3.798255443572998,0.0003
13,26,3.6648595333099365,0.0003
13,27,3.445998191833496,0.0003
13,28,3.3959693908691406,0.0003
13,29,3.5336780548095703,0.0003
13,30,2.7443764209747314,0.0003
13,31,3.2111496925354004,0.0003
13,32,2.8188893795013428,0.0003
13,33,3.768395185470581,0.0003
13,34,3.5753679275512695,0.0003
13,35,2.89856219291687,0.0003
13,36,2.6921327114105225,0.0003
13,37,3.2373859882354736,0.0003
13,38,3.6708593368530273,0.0003
13,39,3.2919318675994873,0.0003
13,40,2.747469186782837,0.0003
13,41,3.8659512996673584,0.0003
13,42,3.7854883670806885,0.0003
13,43,3.3432693481445312,0.0003
13,44,2.7377214431762695,0.0003
14,1,3.0623559951782227,0.0003
14,2,2.936234474182129,0.0003
14,3,4.0378546714782715,0.0003
14,4,2.669330596923828,0.0003
14,5,4.824792385101318,0.0003
14,6,4.639702320098877,0.0003
14,7,4.073411464691162,0.0003
14,8,3.960109233856201,0.0003
14,9,4.510584831237793,0.0003
14,10,3.354055404663086,0.0003
14,11,4.568681240081787,0.0003
14,12,3.510714054107666,0.0003
14,13,2.8063273429870605,0.0003
14,14,3.54136323928833,0.0003
14,15,3.705495834350586,0.0003
14,16,4.286478519439697,0.0003
14,17,3.458549737930298,0.0003
14,18,3.2713074684143066,0.0003
14,19,4.347230911254883,0.0003
14,20,2.7019968032836914,0.0003
14,21,4.464778900146484,0.0003
14,22,3.6812620162963867,0.0003
14,23,4.143277168273926,0.0003
14,24,3.7514872550964355,0.0003
14,25,3.9741764068603516,0.0003
14,26,4.095680236816406,0.0003
14,27,2.817523956298828,0.0003
14,28,3.3445568084716797,0.0003
14,29,2.2628684043884277,0.0003
14,30,3.1407723426818848,0.0003
14,31,2.8836898803710938,0.0003
14,32,3.4876515865325928,0.0003
14,33,2.6264772415161133,0.0003
14,34,3.992161273956299,0.0003
14,35,3.479130506515503,0.0003
14,36,3.8964438438415527,0.0003
14,37,2.695112943649292,0.0003
14,38,3.8182339668273926,0.0003
14,39,3.796670913696289,0.0003
14,40,3.8141231536865234,0.0003
14,41,4.020746231079102,0.0003
14,42,3.7812182903289795,0.0003
14,43,2.5402324199676514,0.0003
14,44,2.1485722064971924,0.0003
15,1,2.425340175628662,0.0003
15,2,2.9100639820098877,0.0003
15,3,4.093894958496094,0.0003
15,4,4.9698357582092285,0.0003
15,5,2.80489182472229,0.0003
15,6,3.150651454925537,0.0003
15,7,3.781407356262207,0.0003
15,8,3.5405333042144775,0.0003
15,9,3.6283674240112305,0.0003
15,10,4.917564392089844,0.0003
15,11,3.3155577182769775,0.0003
15,12,3.9445061683654785,0.0003
15,13,3.5132699012756348,0.0003
15,14,3.366020679473877,0.0003
15,15,4.4980645179748535,0.0003
15,16,3.7085251808166504,0.0003
15,17,3.64603590965271,0.0003
15,18,2.879962682723999,0.0003
15,19,4.2125749588012695,0.0003
15,20,3.9194161891937256,0.0003
15,21,3.320347785949707,0.0003
15,22,3.0512428283691406,0.0003
15,23,2.4698562622070312,0.0003
15,24,3.5477986335754395,0.0003
15,25,2.666757106781006,0.0003
15,26,3.0894665718078613,0.0003
15,27,2.787034273147583,0.0003
15,28,2.890141487121582,0.0003
15,29,3.8298468589782715,0.0003
15,30,2.976975917816162,0.0003
15,31,4.625748634338379,0.0003
15,32,3.1693129539489746,0.0003
15,33,4.523332118988037,0.0003
15,34,4.47809362411499,0.0003
15,35,2.8933167457580566,0.0003
15,36,3.9352874755859375,0.0003
15,37,3.7532830238342285,0.0003
15,38,4.604998588562012,0.0003
15,39,3.6342968940734863,0.0003
15,40,3.4661567211151123,0.0003
15,41,3.720135450363159,0.0003
15,42,3.784243106842041,0.0003
15,43,3.2460544109344482,0.0003
15,44,2.427013874053955,0.0003
16,1,3.343770742416382,0.0003
16,2,3.5267741680145264,0.0003
16,3,3.647428035736084,0.0003
16,4,3.4632787704467773,0.0003
16,5,2.6530566215515137,0.0003
16,6,3.167147636413574,0.0003
16,7,3.5162277221679688,0.0003
16,8,3.911545991897583,0.0003
16,9,3.482604503631592,0.0003
16,10,3.9369618892669678,0.0003
16,11,2.434138774871826,0.0003
16,12,3.7318472862243652,0.0003
16,13,3.3302817344665527,0.0003
16,14,2.837465286254883,0.0003
16,15,3.7426607608795166,0.0003
16,16,4.010479927062988,0.0003
16,17,3.4864633083343506,0.0003
16,18,2.279045343399048,0.0003
16,19,4.745511054992676,0.0003
16,20,3.723379373550415,0.0003
16,21,3.7305545806884766,0.0003
16,22,2.469536066055298,0.0003
16,23,3.959876298904419,0.0003
16,24,3.8366212844848633,0.0003
16,25,4.102580547332764,0.0003
16,26,3.29818058013916,0.0003
16,27,4.221302509307861,0.0003
16,28,3.637535572052002,0.0003
16,29,3.1058804988861084,0.0003
16,30,2.307013750076294,0.0003
16,31,4.401745796203613,0.0003
16,32,2.857656955718994,0.0003
16,33,3.462291717529297,0.0003
16,34,3.282273292541504,0.0003
16,35,3.4264049530029297,0.0003
16,36,2.842690944671631,0.0003
16,37,3.0557022094726562,0.0003
16,38,3.5245814323425293,0.0003
16,39,3.469147205352783,0.0003
16,40,3.806044101715088,0.0003
16,41,3.4322075843811035,0.0003
16,42,4.092954158782959,0.0003
16,43,3.0167152881622314,0.0003
16,44,2.3633875846862793,0.0003
17,1,4.37575626373291,0.0003
17,2,4.771943092346191,0.0003
17,3,3.3621668815612793,0.0003
17,4,3.276148796081543,0.0003
17,5,3.335690498352051,0.0003
17,6,3.2604920864105225,0.0003
17,7,3.883485794067383,0.0003
17,8,3.1714940071105957,0.0003
17,9,3.19419264793396,0.0003
17,10,2.316039562225342,0.0003
17,11,3.2433903217315674,0.0003
17,12,4.5179057121276855,0.0003
17,13,4.054718494415283,0.0003
17,14,2.853292942047119,0.0003
17,15,3.014566659927368,0.0003
17,16,4.028026103973389,0.0003
17,17,3.1867125034332275,0.0003
17,18,4.33632230758667,0.0003
17,19,3.805741548538208,0.0003
17,20,3.575899839401245,0.0003
17,21,2.9190571308135986,0.0003
17,22,3.565645933151245,0.0003
17,23,3.0283308029174805,0.0003
17,24,3.141649007797241,0.0003
17,25,3.929131269454956,0.0003
17,26,3.9058685302734375,0.0003
17,27,3.8212733268737793,0.0003
17,28,3.424557685852051,0.0003
17,29,3.6057868003845215,0.0003
17,30,3.2730748653411865,0.0003
17,31,2.9351820945739746,0.0003
17,32,3.2828829288482666,0.0003
17,33,3.520439624786377,0.0003
17,34,3.513556957244873,0.0003
17,35,2.6718759536743164,0.0003
17,36,2.77181077003479,0.0003
17,37,3.396068572998047,0.0003
17,38,2.6760339736938477,0.0003
17,39,4.05596399307251,0.0003
17,40,3.3783764839172363,0.0003
17,41,2.7187395095825195,0.0003
17,42,3.5548276901245117,0.0003
17,43,3.9688940048217773,0.0003
17,44,1.8857641220092773,0.0003
18,1,3.4684438705444336,0.0003
18,2,2.715249538421631,0.0003
18,3,3.371351718902588,0.0003
18,4,2.7986814975738525,0.0003
18,5,3.930739641189575,0.0003
18,6,2.7977359294891357,0.0003
18,7,3.565704822540283,0.0003
18,8,3.6660916805267334,0.0003
18,9,3.0079259872436523,0.0003
18,10,3.94221830368042,0.0003
18,11,3.2980499267578125,0.0003
18,12,3.460338830947876,0.0003
18,13,3.0362744331359863,0.0003
18,14,3.527892827987671,0.0003
18,15,4.198730945587158,0.0003
18,16,3.267305850982666,0.0003
18,17,3.0177371501922607,0.0003
18,18,3.591369390487671,0.0003
18,19,2.25244140625,0.0003
18,20,2.5242137908935547,0.0003
18,21,3.501638412475586,0.0003
18,22,3.820051431655884,0.0003
18,23,3.4040253162384033,0.0003
18,24,2.9624900817871094,0.0003
18,25,3.787853717803955,0.0003
18,26,2.845582962036133,0.0003
18,27,2.6910479068756104,0.0003
18,28,3.49556303024292,0.0003
18,29,2.7289628982543945,0.0003
18,30,3.695627212524414,0.0003
18,31,4.114493370056152,0.0003
18,32,2.2887868881225586,0.0003
18,33,3.2247955799102783,0.0003
18,34,4.934701442718506,0.0003
18,35,2.711642265319824,0.0003
18,36,3.5277822017669678,0.0003
18,37,2.8174827098846436,0.0003
18,38,4.66013765335083,0.0003
18,39,4.181263446807861,0.0003
18,40,3.970005512237549,0.0003
18,41,3.8596889972686768,0.0003
18,42,2.8277411460876465,0.0003
18,43,2.6607298851013184,0.0003
18,44,3.1793410778045654,0.0003
19,1,3.6518115997314453,0.0003
19,2,3.155985116958618,0.0003
19,3,3.494886636734009,0.0003
19,4,3.6619925498962402,0.0003
19,5,3.491623878479004,0.0003
19,6,2.5661537647247314,0.0003
19,7,2.4504308700561523,0.0003
19,8,3.162526845932007,0.0003
19,9,2.943166732788086,0.0003
19,10,3.8329877853393555,0.0003
19,11,3.324887752532959,0.0003
19,12,4.351400375366211,0.0003
19,13,3.6351046562194824,0.0003
19,14,3.6576006412506104,0.0003
19,15,3.0309457778930664,0.0003
19,16,3.198183059692383,0.0003
19,17,3.4961819648742676,0.0003
19,18,3.6969261169433594,0.0003
19,19,3.3952999114990234,0.0003
19,20,3.3339428901672363,0.0003
19,21,4.533720016479492,0.0003
19,22,2.314232349395752,0.0003
19,23,3.4960813522338867,0.0003
19,24,2.794149875640869,0.0003
19,25,2.3628830909729004,0.0003
19,26,2.3409671783447266,0.0003
19,27,2.224609136581421,0.0003
19,28,3.107950448989868,0.0003
19,29,3.482341766357422,0.0003
19,30,4.140965938568115,0.0003
19,31,4.31610631942749,0.0003
19,32,2.085386276245117,0.0003
19,33,3.7106215953826904,0.0003
19,34,4.159968852996826,0.0003
19,35,3.1845860481262207,0.0003
19,36,3.8057236671447754,0.0003
19,37,4.5830183029174805,0.0003
19,38,2.6808061599731445,0.0003
19,39,4.6556878089904785,0.0003
19,40,3.1676783561706543,0.0003
19,41,3.5336315631866455,0.0003
19,42,2.5740108489990234,0.0003
19,43,3.468907356262207,0.0003
19,44,3.316058397293091,0.0003
20,1,3.8156938552856445,1e-05
20,2,3.113842248916626,1e-05
20,3,3.623425006866455,1e-05
20,4,3.773134708404541,1e-05
20,5,1.9705004692077637,1e-05
20,6,2.448692798614502,1e-05
20,7,3.2717788219451904,1e-05
20,8,2.9594674110412598,1e-05
20,9,2.985227108001709,1e-05
20,10,3.8299012184143066,1e-05
20,11,3.160337448120117,1e-05
20,12,3.681878089904785,1e-05
20,13,3.5417733192443848,1e-05
20,14,2.737689971923828,1e-05
20,15,3.2950477600097656,1e-05
20,16,3.568214178085327,1e-05
20,17,4.144828796386719,1e-05
20,18,2.415678024291992,1e-05
20,19,3.150242805480957,1e-05
20,20,4.210759162902832,1e-05
20,21,2.8035123348236084,1e-05
20,22,2.3049423694610596,1e-05
20,23,3.9788732528686523,1e-05
20,24,2.8576788902282715,1e-05
20,25,2.137308120727539,1e-05
20,26,3.34039044380188,1e-05
20,27,3.28359055519104,1e-05
20,28,4.090127944946289,1e-05
20,29,2.698967933654785,1e-05
20,30,3.4918036460876465,1e-05
20,31,2.92207932472229,1e-05
20,32,2.6148593425750732,1e-05
20,33,3.198474884033203,1e-05
20,34,3.0052123069763184,1e-05
20,35,3.813143253326416,1e-05
20,36,3.53179669380188,1e-05
20,37,3.761807441711426,1e-05
20,38,2.9951043128967285,1e-05
20,39,3.0805137157440186,1e-05
20,40,2.434901237487793,1e-05
20,41,3.207869052886963,1e-05
20,42,2.96087384223938,1e-05
20,43,2.87727689743042,1e-05
20,44,2.4991211891174316,1e-05
21,1,3.5630149841308594,1e-05
21,2,2.611680507659912,1e-05
21,3,3.3640968799591064,1e-05
21,4,3.4806110858917236,1e-05
21,5,2.485976219177246,1e-05
21,6,3.5011348724365234,1e-05
21,7,3.208141803741455,1e-05
21,8,3.3274085521698,1e-05
21,9,2.357605218887329,1e-05
21,10,3.117173671722412,1e-05
21,11,2.839426040649414,1e-05
21,12,2.889758825302124,1e-05
21,13,2.907597064971924,1e-05
21,14,3.6913042068481445,1e-05
21,15,3.285865545272827,1e-05
21,16,3.2801756858825684,1e-05
21,17,2.922985076904297,1e-05
21,18,3.1923182010650635,1e-05
21,19,3.4703965187072754,1e-05
21,20,2.6202306747436523,1e-05
21,21,2.718290090560913,1e-05
21,22,2.8293118476867676,1e-05
21,23,2.554755926132202,1e-05
21,24,2.2944977283477783,1e-05
21,25,3.7203783988952637,1e-05
21,26,3.035083770751953,1e-05
21,27,2.8519649505615234,1e-05
21,28,4.348493576049805,1e-05
21,29,2.8023548126220703,1e-05
21,30,3.120678424835205,1e-05
21,31,2.2099528312683105,1e-05
21,32,2.63639760017395,1e-05
21,33,3.18450665473938,1e-05
21,34,2.6632585525512695,1e-05
21,35,3.1898419857025146,1e-05
21,36,3.0543813705444336,1e-05
21,37,4.469132423400879,1e-05
21,38,3.801906108856201,1e-05
21,39,3.4309070110321045,1e-05
21,40,4.09274959564209,1e-05
21,41,3.2882349491119385,1e-05
21,42,2.793972969055176,1e-05
21,43,3.4284889698028564,1e-05
21,44,1.6725902557373047,1e-05
22,1,2.4441494941711426,1e-05
22,2,2.767909526824951,1e-05
22,3,2.6297011375427246,1e-05
22,4,3.152414560317993,1e-05
22,5,1.72255539894104,1e-05
22,6,2.556039333343506,1e-05
22,7,3.154275417327881,1e-05
22,8,3.2393641471862793,1e-05
22,9,3.172372817993164,1e-05
22,10,2.5407066345214844,1e-05
22,11,3.671123504638672,1e-05
22,12,3.256930351257324,1e-05
22,13,2.6029043197631836,1e-05
22,14,2.901729106903076,1e-05
22,15,3.882148265838623,1e-05
22,16,3.1378469467163086,1e-05
22,17,3.602321147918701,1e-05
22,18,3.823124885559082,1e-05
22,19,2.810267210006714,1e-05
22,20,2.8226356506347656,1e-05
22,21,2.6762373447418213,1e-05
22,22,2.6852643489837646,1e-05
22,23,4.102418422698975,1e-05
22,24,3.0923726558685303,1e-05
22,25,4.080113410949707,1e-05
22,26,2.983978748321533,1e-05
22,27,2.8623547554016113,1e-05
22,28,3.1166505813598633,1e-05
22,29,2.565685749053955,1e-05
22,30,3.184556484222412,1e-05
22,31,2.7522408962249756,1e-05
22,32,2.1120986938476562,1e-05
22,33,2.7928950786590576,1e-05
22,34,2.9584474563598633,1e-05
22,35,2.7056446075439453,1e-05
22,36,3.122018337249756,1e-05
22,37,3.2927165031433105,1e-05
22,38,2.4142117500305176,1e-05
22,39,3.6233837604522705,1e-05
22,40,3.971005439758301,1e-05
22,41,3.330937385559082,1e-05
22,42,2.9578700065612793,1e-05
22,43,3.5920231342315674,1e-05
22,44,3.359619379043579,1e-05
23,1,3.6770918369293213,1e-05
23,2,3.0468480587005615,1e-05
23,3,2.6748690605163574,1e-05
23,4,2.148038864135742,1e-05
23,5,3.1465466022491455,1e-05
23,6,2.542743682861328,1e-05
23,7,3.036268949508667,1e-05
23,8,3.53021240234375,1e-05
23,9,2.823845863342285,1e-05
23,10,3.740352153778076,1e-05
23,11,3.5691285133361816,1e-05
23,12,3.013810873031616,1e-05
23,13,3.172987461090088,1e-05
23,14,3.3936805725097656,1e-05
23,15,2.946645498275757,1e-05
23,16,3.3313751220703125,1e-05
23,17,2.939931631088257,1e-05
23,18,3.1682357788085938,1e-05
23,19,3.3555095195770264,1e-05
23,20,3.197972059249878,1e-05
23,21,2.7135565280914307,1e-05
23,22,1.9110640287399292,1e-05
23,23,3.213329792022705,1e-05
23,24,4.01187801361084,1e-05
23,25,3.486609697341919,1e-05
23,26,3.027956962585449,1e-05
23,27,2.774165153503418,1e-05
23,28,2.2592105865478516,1e-05
23,29,3.4701690673828125,1e-05
23,30,3.812096118927002,1e-05
23,31,3.436417579650879,1e-05
23,32,2.401834487915039,1e-05
23,33,2.0363080501556396,1e-05
23,34,3.190891981124878,1e-05
23,35,3.221452236175537,1e-05
23,36,3.5496017932891846,1e-05
23,37,2.9481136798858643,1e-05
23,38,2.901655435562134,1e-05
23,39,3.031987190246582,1e-05
23,40,4.09739351272583,1e-05
23,41,2.349571943283081,1e-05
23,42,3.1504344940185547,1e-05
23,43,3.6897130012512207,1e-05
23,44,2.0157525539398193,1e-05
24,1,3.693147659301758,1e-05
24,2,2.6783885955810547,1e-05
24,3,2.514720916748047,1e-05
24,4,2.8183975219726562,1e-05
24,5,2.7809391021728516,1e-05
24,6,2.8318850994110107,1e-05
24,7,3.181447744369507,1e-05
24,8,3.8829808235168457,1e-05
24,9,2.9884071350097656,1e-05
24,10,3.7508394718170166,1e-05
24,11,2.0860304832458496,1e-05
24,12,2.8612096309661865,1e-05
24,13,2.7153592109680176,1e-05
24,14,2.910015821456909,1e-05
24,15,3.0933797359466553,1e-05
24,16,2.4631338119506836,1e-05
24,17,2.9360318183898926,1e-05
24,18,3.5117712020874023,1e-05
24,19,4.421180248260498,1e-05
24,20,2.484936475753784,1e-05
24,21,2.688776969909668,1e-05
24,22,1.9110374450683594,1e-05
24,23,3.600721836090088,1e-05
24,24,3.4958858489990234,1e-05
24,25,1.8380310535430908,1e-05
24,26,3.855090379714966,1e-05
24,27,2.868680238723755,1e-05
24,28,2.924360752105713,1e-05
24,29,3.2812204360961914,1e-05
24,30,2.1727657318115234,1e-05
24,31,2.7962472438812256,1e-05
24,32,2.408022165298462,1e-05
24,33,2.9645183086395264,1e-05
24,34,2.742393970489502,1e-05
24,35,2.9185118675231934,1e-05
24,36,2.579238176345825,1e-05
24,37,3.533600091934204,1e-05
24,38,2.6127820014953613,1e-05
24,39,3.1227736473083496,1e-05
24,40,3.395944118499756,1e-05
24,41,4.099700927734375,1e-05
24,42,3.675851345062256,1e-05
24,43,2.6127612590789795,1e-05
24,44,1.8710654973983765,1e-05
25,1,2.9418270587921143,1e-05
25,2,3.5313634872436523,1e-05
25,3,3.2418317794799805,1e-05
25,4,2.7835693359375,1e-05
25,5,2.437314987182617,1e-05
25,6,2.459556818008423,1e-05
25,7,3.460814952850342,1e-05
25,8,2.7813796997070312,1e-05
25,9,1.9846384525299072,1e-05
25,10,2.4045207500457764,1e-05
25,11,3.5642294883728027,1e-05
25,12,3.143251419067383,1e-05
25,13,2.4985134601593018,1e-05
25,14,2.348362684249878,1e-05
25,15,3.3043103218078613,1e-05
25,16,2.26521897315979,1e-05
25,17,2.9553887844085693,1e-05
25,18,2.9304072856903076,1e-05
25,19,3.6055819988250732,1e-05
25,20,3.7253429889678955,1e-05
25,21,2.1110501289367676,1e-05
25,22,3.1682698726654053,1e-05
25,23,4.618526458740234,1e-05
25,24,3.619605541229248,1e-05
25,25,2.8550479412078857,1e-05
25,26,3.1460204124450684,1e-05
25,27,2.968571186065674,1e-05
25,28,3.4214844703674316,1e-05
25,29,3.5634870529174805,1e-05
25,30,3.848306179046631,1e-05
25,31,2.8134524822235107,1e-05
25,32,3.1834683418273926,1e-05
25,33,2.562861919403076,1e-05
25,34,3.492065668106079,1e-05
25,35,2.764594316482544,1e-05
25,36,2.3334429264068604,1e-05
25,37,2.9503934383392334,1e-05
25,38,3.054563045501709,1e-05
25,39,2.388974666595459,1e-05
25,40,3.638495445251465,1e-05
25,41,3.2166342735290527,1e-05
25,42,2.184343099594116,1e-05
25,43,3.3596041202545166,1e-05
25,44,2.085897207260132,1e-05
26,1,2.4821462631225586,1e-05
26,2,2.698577880859375,1e-05
26,3,2.925215244293213,1e-05
26,4,3.971217393875122,1e-05
26,5,3.0972912311553955,1e-05
26,6,3.0501561164855957,1e-05
26,7,2.6299188137054443,1e-05
26,8,3.386870861053467,1e-05
26,9,2.1685988903045654,1e-05
26,10,3.19789719581604,1e-05
26,11,2.4557015895843506,1e-05
26,12,3.1314563751220703,1e-05
26,13,1.6535674333572388,1e-05
26,14,3.8268120288848877,1e-05
26,15,2.606715440750122,1e-05
26,16,3.402369499206543,1e-05
26,17,2.1764631271362305,1e-05
26,18,3.522648811340332,1e-05
26,19,2.5175023078918457,1e-05
26,20,2.971446990966797,1e-05
26,21,2.8399300575256348,1e-05
26,22,3.3129379749298096,1e-05
26,23,3.4097394943237305,1e-05
26,24,2.8532867431640625,1e-05
26,25,2.9969322681427,1e-05
26,26,2.764967441558838,1e-05
26,27,3.441753625869751,1e-05
26,28,3.1013989448547363,1e-05
26,29,1.8593320846557617,1e-05
26,30,3.2559814453125,1e-05
26,31,4.639122009277344,1e-05
26,32,3.460681915283203,1e-05
26,33,2.1397597789764404,1e-05
26,34,3.2616496086120605,1e-05
26,35,3.5985522270202637,1e-05
26,36,2.408602237701416,1e-05
26,37,2.9393022060394287,1e-05
26,38,3.4634575843811035,1e-05
26,39,2.222641706466675,1e-05
26,40,2.609842538833618,1e-05
26,41,2.2120320796966553,1e-05
26,42,2.7745113372802734,1e-05
26,43,2.5720255374908447,1e-05
26,44,3.127969264984131,1e-05
27,1,2.7872719764709473,1e-05
27,2,3.3211636543273926,1e-05
27,3,2.6910946369171143,1e-05
27,4,3.6163008213043213,1e-05
27,5,2.544198989868164,1e-05
27,6,3.484015464782715,1e-05
27,7,2.2443687915802,1e-05
27,8,2.3265180587768555,1e-05
27,9,2.508608818054199,1e-05
27,10,3.0097496509552,1e-05
27,11,3.376596450805664,1e-05
27,12,3.144721746444702,1e-05
27,13,2.6176466941833496,1e-05
27,14,3.7037878036499023,1e-05
27,15,3.2634329795837402,1e-05
27,16,3.469726085662842,1e-05
27,17,3.157973527908325,1e-05
27,18,2.542452335357666,1e-05
27,19,2.358928680419922,1e-05
27,20,3.12882661819458,1e-05
27,21,2.8933398723602295,1e-05
27,22,2.996267795562744,1e-05
27,23,3.1680965423583984,1e-05
27,24,3.2036004066467285,1e-05
27,25,3.213672399520874,1e-05
27,26,3.452070713043213,1e-05
27,27,1.7939599752426147,1e-05
27,28,2.518963098526001,1e-05
27,29,2.5637214183807373,1e-05
27,30,2.7535834312438965,1e-05
27,31,2.9443423748016357,1e-05
27,32,3.0349364280700684,1e-05
27,33,1.8252984285354614,1e-05
27,34,2.44673490524292,1e-05
27,35,3.0296783447265625,1e-05
27,36,2.8839035034179688,1e-05
27,37,3.026674747467041,1e-05
27,38,3.284069061279297,1e-05
27,39,2.878929853439331,1e-05
27,40,3.2242393493652344,1e-05
27,41,2.8954062461853027,1e-05
27,42,3.288513660430908,1e-05
27,43,3.900386333465576,1e-05
27,44,1.320489764213562,1e-05
28,1,3.118574857711792,1e-05
28,2,2.9312570095062256,1e-05
28,3,2.4863884449005127,1e-05
28,4,2.9894866943359375,1e-05
28,5,2.657790422439575,1e-05
28,6,2.711585521697998,1e-05
28,7,2.563509702682495,1e-05
28,8,2.9715511798858643,1e-05
28,9,3.6939127445220947,1e-05
28,10,3.1417319774627686,1e-05
28,11,2.4054441452026367,1e-05
28,12,2.7836694717407227,1e-05
28,13,2.951590061187744,1e-05
28,14,2.1372203826904297,1e-05
28,15,3.3606646060943604,1e-05
28,16,2.4670920372009277,1e-05
28,17,3.1928067207336426,1e-05
28,18,3.800398349761963,1e-05
28,19,2.0468738079071045,1e-05
28,20,2.7049760818481445,1e-05
28,21,3.920470952987671,1e-05
28,22,2.919370651245117,1e-05
28,23,3.858419418334961,1e-05
28,24,3.025373935699463,1e-05
28,25,3.0651183128356934,1e-05
28,26,2.812568187713623,1e-05
28,27,2.493149995803833,1e-05
28,28,3.392723798751831,1e-05
28,29,3.1630349159240723,1e-05
28,30,2.581501007080078,1e-05
28,31,2.690446138381958,1e-05
28,32,3.787407636642456,1e-05
28,33,2.4515762329101562,1e-05
28,34,2.834721565246582,1e-05
28,35,2.119384288787842,1e-05
28,36,2.834536552429199,1e-05
28,37,3.286555290222168,1e-05
28,38,3.672652006149292,1e-05
28,39,2.2868752479553223,1e-05
28,40,2.969372272491455,1e-05
28,41,1.9611042737960815,1e-05
28,42,2.2528700828552246,1e-05
28,43,2.6321921348571777,1e-05
28,44,2.4372098445892334,1e-05
29,1,2.703364849090576,1e-05
29,2,2.9385874271392822,1e-05
29,3,3.3372302055358887,1e-05
29,4,3.3983116149902344,1e-05
29,5,3.0047953128814697,1e-05
29,6,2.9581799507141113,1e-05
29,7,3.5277607440948486,1e-05
29,8,2.6959476470947266,1e-05
29,9,2.946706771850586,1e-05
29,10,2.563814878463745,1e-05
29,11,2.512205123901367,1e-05
29,12,3.148606061935425,1e-05
29,13,3.417720317840576,1e-05
29,14,3.0272176265716553,1e-05
29,15,2.7107698917388916,1e-05
29,16,3.058605432510376,1e-05
29,17,2.3839778900146484,1e-05
29,18,2.749480724334717,1e-05
29,19,3.487985610961914,1e-05
29,20,3.760523796081543,1e-05
29,21,2.5333216190338135,1e-05
29,22,2.805001735687256,1e-05
29,23,2.5267016887664795,1e-05
29,24,2.709301710128784,1e-05
29,25,2.6316888332366943,1e-05
29,26,2.114047050476074,1e-05
29,27,2.814189910888672,1e-05
29,28,3.600435256958008,1e-05
29,29,2.869590997695923,1e-05
29,30,3.035392999649048,1e-05
29,31,2.5770723819732666,1e-05
29,32,2.413675546646118,1e-05
29,33,3.232347249984741,1e-05
29,34,3.265671730041504,1e-05
29,35,4.001744747161865,1e-05
29,36,3.1646857261657715,1e-05
29,37,2.3069024085998535,1e-05
29,38,3.264895439147949,1e-05
29,39,2.7427687644958496,1e-05
29,40,2.2151710987091064,1e-05
29,41,2.490171194076538,1e-05
29,42,1.9342842102050781,1e-05
29,43,2.494879961013794,1e-05
29,44,2.45521879196167,1e-05
30,1,2.58647084236145,1e-05
30,2,2.4802565574645996,1e-05
30,3,3.1427037715911865,1e-05
30,4,3.351802110671997,1e-05
30,5,4.037766456604004,1e-05
30,6,3.051215171813965,1e-05
30,7,2.334928035736084,1e-05
30,8,2.689918041229248,1e-05
30,9,3.746046543121338,1e-05
30,10,2.348493814468384,1e-05
30,11,2.797637462615967,1e-05
30,12,3.004215717315674,1e-05
30,13,2.88893985748291,1e-05
30,14,2.0579023361206055,1e-05
30,15,2.687126636505127,1e-05
30,16,3.1290950775146484,1e-05
30,17,3.1200804710388184,1e-05
30,18,2.7163825035095215,1e-05
30,19,2.8304033279418945,1e-05
30,20,1.8484007120132446,1e-05
30,21,3.366199493408203,1e-05
30,22,2.8767881393432617,1e-05
30,23,2.288025379180908,1e-05
30,24,3.307908296585083,1e-05
30,25,2.6275277137756348,1e-05
30,26,2.9794845581054688,1e-05
30,27,3.5967981815338135,1e-05
30,28,2.8754794597625732,1e-05
30,29,3.06723690032959,1e-05
30,30,2.8469090461730957,1e-05
30,31,2.60447096824646,1e-05
30,32,3.8818416595458984,1e-05
30,33,2.489136219024658,1e-05
30,34,2.5677406787872314,1e-05
30,35,2.1736133098602295,1e-05
30,36,2.470001697540283,1e-05
30,37,2.947916269302368,1e-05
30,38,3.6268198490142822,1e-05
30,39,3.466165542602539,1e-05
30,40,2.3596038818359375,1e-05
30,41,1.6227149963378906,1e-05
30,42,1.8370171785354614,1e-05
30,43,2.542480230331421,1e-05
30,44,2.3965747356414795,1e-05
31,1,3.5518574714660645,1e-05
31,2,1.4984904527664185,1e-05
31,3,2.821469783782959,1e-05
31,4,2.757244110107422,1e-05
31,5,3.1718883514404297,1e-05
31,6,2.7279579639434814,1e-05
31,7,2.4701945781707764,1e-05
31,8,2.314457416534424,1e-05
31,9,3.002598285675049,1e-05
31,10,1.4956867694854736,1e-05
31,11,1.9893829822540283,1e-05
31,12,3.9105610847473145,1e-05
31,13,2.7029244899749756,1e-05
31,14,2.8092331886291504,1e-05
31,15,2.0109832286834717,1e-05
31,16,2.470372200012207,1e-05
31,17,2.710751533508301,1e-05
31,18,2.7750062942504883,1e-05
31,19,3.3165342807769775,1e-05
31,20,3.0272159576416016,1e-05
31,21,3.2503933906555176,1e-05
31,22,3.473125457763672,1e-05
31,23,3.569877862930298,1e-05
31,24,2.5817408561706543,1e-05
31,25,3.2168471813201904,1e-05
31,26,3.3516275882720947,1e-05
31,27,2.774473190307617,1e-05
31,28,2.8890280723571777,1e-05
31,29,2.278163194656372,1e-05
31,30,3.520700454711914,1e-05
31,31,2.6192984580993652,1e-05
31,32,3.7436487674713135,1e-05
31,33,2.711097002029419,1e-05
31,34,2.6399872303009033,1e-05
31,35,2.83233904838562,1e-05
31,36,3.299314498901367,1e-05
31,37,2.1888139247894287,1e-05
31,38,2.6240029335021973,1e-05
31,39,2.5944316387176514,1e-05
31,40,3.255341053009033,1e-05
31,41,2.401768684387207,1e-05
31,42,3.6429920196533203,1e-05
31,43,2.604231119155884,1e-05
31,44,1.7953176498413086,1e-05
32,1,2.3788208961486816,1e-05
32,2,3.871319055557251,1e-05
32,3,2.6866648197174072,1e-05
32,4,3.358790397644043,1e-05
32,5,2.8419642448425293,1e-05
32,6,2.263355255126953,1e-05
32,7,3.2236263751983643,1e-05
32,8,2.8383233547210693,1e-05
32,9,2.151928186416626,1e-05
32,10,2.9688940048217773,1e-05
32,11,2.116158962249756,1e-05
32,12,2.801518678665161,1e-05
32,13,3.1677794456481934,1e-05
32,14,2.0875332355499268,1e-05
32,15,2.9281728267669678,1e-05
32,16,3.14640736579895,1e-05
32,17,2.3977928161621094,1e-05
32,18,2.438676118850708,1e-05
32,19,3.5110080242156982,1e-05
32,20,2.7847774028778076,1e-05
32,21,2.8957183361053467,1e-05
32,22,2.658596992492676,1e-05
32,23,2.5830845832824707,1e-05
32,24,3.0184836387634277,1e-05
32,25,2.9407143592834473,1e-05
32,26,1.8857687711715698,1e-05
32,27,2.0754871368408203,1e-05
32,28,3.689969539642334,1e-05
32,29,2.8801565170288086,1e-05
32,30,2.128896713256836,1e-05
32,31,3.0235941410064697,1e-05
32,32,2.827126979827881,1e-05
32,33,2.7528412342071533,1e-05
32,34,3.8653724193573,1e-05
32,35,3.271087646484375,1e-05
32,36,3.199796199798584,1e-05
32,37,2.3700814247131348,1e-05
32,38,2.687544584274292,1e-05
32,39,2.2642931938171387,1e-05
32,40,2.8038501739501953,1e-05
32,41,2.5244646072387695,1e-05
32,42,2.9302561283111572,1e-05
32,43,3.2124695777893066,1e-05
32,44,2.17610764503479,1e-05
33,1,3.2573304176330566,1e-05
33,2,3.804008722305298,1e-05
33,3,2.988260269165039,1e-05
33,4,1.800906777381897,1e-05
33,5,3.0569002628326416,1e-05
33,6,2.6958601474761963,1e-05
33,7,2.6155552864074707,1e-05
33,8,2.500208854675293,1e-05
33,9,2.2898082733154297,1e-05
33,10,2.660581588745117,1e-05
33,11,2.2638230323791504,1e-05
33,12,2.6897239685058594,1e-05
33,13,3.2066431045532227,1e-05
33,14,2.938411235809326,1e-05
33,15,2.2120361328125,1e-05
33,16,2.8504478931427,1e-05
33,17,3.7806620597839355,1e-05
33,18,4.5633544921875,1e-05
33,19,2.2754480838775635,1e-05
33,20,2.96964168548584,1e-05
33,21,2.5224270820617676,1e-05
33,22,3.1188793182373047,1e-05
33,23,3.157771587371826,1e-05
33,24,2.424640417098999,1e-05
33,25,3.3402678966522217,1e-05
33,26,2.5253679752349854,1e-05
33,27,2.866870164871216,1e-05
33,28,3.3751561641693115,1e-05
33,29,3.0273776054382324,1e-05
33,30,3.202695846557617,1e-05
33,31,3.2700819969177246,1e-05
33,32,3.7790582180023193,1e-05
33,33,2.328333854675293,1e-05
33,34,2.7351722717285156,1e-05
33,35,1.9500553607940674,1e-05
33,36,1.9574356079101562,1e-05
33,37,2.4016878604888916,1e-05
33,38,2.8051939010620117,1e-05
33,39,2.2206735610961914,1e-05
33,40,2.561418056488037,1e-05
33,41,2.879239320755005,1e-05
33,42,3.092189311981201,1e-05
33,43,2.399163007736206,1e-05
33,44,2.0920262336730957,1e-05
34,1,3.507976531982422,1e-05
34,2,2.8811166286468506,1e-05
34,3,2.1736302375793457,1e-05
34,4,2.774883985519409,1e-05
34,5,3.099287509918213,1e-05
34,6,2.366119384765625,1e-05
34,7,2.8166537284851074,1e-05
34,8,2.8419270515441895,1e-05
34,9,4.0005950927734375,1e-05
34,10,1.9366555213928223,1e-05
34,11,3.6184074878692627,1e-05
34,12,3.08624005317688,1e-05
34,13,3.6845755577087402,1e-05
34,14,2.9221103191375732,1e-05
34,15,3.017268180847168,1e-05
34,16,3.4181113243103027,1e-05
34,17,2.630915641784668,1e-05
34,18,2.8112499713897705,1e-05
34,19,2.3756484985351562,1e-05
34,20,2.547105550765991,1e-05
34,21,2.6770615577697754,1e-05
34,22,2.5249314308166504,1e-05
34,23,2.2013909816741943,1e-05
34,24,3.780132293701172,1e-05
34,25,1.614591360092163,1e-05
34,26,3.686232566833496,1e-05
34,27,3.629908323287964,1e-05
34,28,2.4582037925720215,1e-05
34,29,2.0477943420410156,1e-05
34,30,3.6854076385498047,1e-05
34,31,2.0761337280273438,1e-05
34,32,3.222041606903076,1e-05
34,33,3.2700231075286865,1e-05
34,34,2.588529348373413,1e-05
34,35,2.3031301498413086,1e-05
34,36,2.726306915283203,1e-05
34,37,2.6827011108398438,1e-05
34,38,3.387927532196045,1e-05
34,39,3.281240463256836,1e-05
34,40,2.4804604053497314,1e-05
34,41,3.0766985416412354,1e-05
34,42,2.5826826095581055,1e-05
34,43,2.448550224304199,1e-05
34,44,1.709072232246399,1e-05
35,1,2.5288257598876953,1e-05
35,2,2.4535775184631348,1e-05
35,3,2.4517362117767334,1e-05
35,4,2.94657564163208,1e-05
35,5,2.911041259765625,1e-05
35,6,1.8630906343460083,1e-05
35,7,2.731130838394165,1e-05
35,8,3.0063512325286865,1e-05
35,9,2.5882906913757324,1e-05
35,10,2.50343656539917,1e-05
35,11,2.769780158996582,1e-05
35,12,2.6037750244140625,1e-05
35,13,2.8622469902038574,1e-05
35,14,4.1334404945373535,1e-05
35,15,2.665750503540039,1e-05
35,16,4.076233386993408,1e-05
35,17,3.3441874980926514,1e-05
35,18,2.523247003555298,1e-05
35,19,1.871634840965271,1e-05
35,20,2.5554869174957275,1e-05
35,21,2.1364669799804688,1e-05
35,22,2.554643392562866,1e-05
35,23,2.332958221435547,1e-05
35,24,3.009160280227661,1e-05
35,25,3.139561414718628,1e-05
35,26,3.051475763320923,1e-05
35,27,2.763362169265747,1e-05
35,28,3.0426347255706787,1e-05
35,29,2.329080581665039,1e-05
35,30,2.090636968612671,1e-05
35,31,2.7764930725097656,1e-05
35,32,2.3275609016418457,1e-05
35,33,2.3132312297821045,1e-05
35,34,2.352717161178589,1e-05
35,35,3.4004690647125244,1e-05
35,36,4.108309745788574,1e-05
35,37,2.1370630264282227,1e-05
35,38,3.938657760620117,1e-05
35,39,3.047637462615967,1e-05
35,40,2.2098000049591064,1e-05
35,41,3.7945685386657715,1e-05
35,42,3.544855833053589,1e-05
35,43,2.5901966094970703,1e-05
35,44,2.006275177001953,1e-05
36,1,2.4486968517303467,1e-05
36,2,1.5028642416000366,1e-05
36,3,2.8636317253112793,1e-05
36,4,2.750880718231201,1e-05
36,5,2.675535202026367,1e-05
36,6,2.236056327819824,1e-05
36,7,2.8035173416137695,1e-05
36,8,2.84625506401062,1e-05
36,9,1.8539769649505615,1e-05
36,10,2.681150197982788,1e-05
36,11,2.7680623531341553,1e-05
36,12,2.0649285316467285,1e-05
36,13,2.7803943157196045,1e-05
36,14,2.157461166381836,1e-05
36,15,3.765296459197998,1e-05
36,16,4.049810409545898,1e-05
36,17,2.178593873977661,1e-05
36,18,2.323655128479004,1e-05
36,19,3.0725178718566895,1e-05
36,20,2.1322076320648193,1e-05
36,21,3.0398123264312744,1e-05
36,22,3.014254093170166,1e-05
36,23,2.769108295440674,1e-05
36,24,3.4600462913513184,1e-05
36,25,2.416760206222534,1e-05
36,26,2.5389695167541504,1e-05
36,27,2.2068092823028564,1e-05
36,28,2.311398506164551,1e-05
36,29,2.5378975868225098,1e-05
36,30,3.393728733062744,1e-05
36,31,2.8615822792053223,1e-05
36,32,2.327012777328491,1e-05
36,33,1.8568788766860962,1e-05
36,34,2.5387847423553467,1e-05
36,35,2.7224509716033936,1e-05
36,36,3.274564743041992,1e-05
36,37,2.9981770515441895,1e-05
36,38,2.934633731842041,1e-05
36,39,2.7938661575317383,1e-05
36,40,2.439666748046875,1e-05
36,41,4.177475929260254,1e-05
36,42,3.028184652328491,1e-05
36,43,2.7684519290924072,1e-05
36,44,2.37589693069458,1e-05
37,1,3.455829620361328,1e-05
37,2,2.6349077224731445,1e-05
37,3,3.0096089839935303,1e-05
37,4,2.314544916152954,1e-05
37,5,2.2930068969726562,1e-05
37,6,2.235645055770874,1e-05
37,7,3.372290849685669,1e-05
37,8,2.695970058441162,1e-05
37,9,2.66195011138916,1e-05
37,10,3.420117139816284,1e-05
37,11,2.8323826789855957,1e-05
37,12,3.1751155853271484,1e-05
37,13,2.398347854614258,1e-05
37,14,2.4276254177093506,1e-05
37,15,2.674828052520752,1e-05
37,16,2.421327590942383,1e-05
37,17,2.166024684906006,1e-05
37,18,2.0367038249969482,1e-05
37,19,2.657240867614746,1e-05
37,20,2.9589176177978516,1e-05
37,21,2.4688336849212646,1e-05
37,22,3.1471283435821533,1e-05
37,23,2.534036159515381,1e-05
37,24,3.7584240436553955,1e-05
37,25,2.398099422454834,1e-05
37,26,2.477721929550171,1e-05
37,27,2.716278076171875,1e-05
37,28,2.8480544090270996,1e-05
37,29,2.6153039932250977,1e-05
37,30,3.7114617824554443,1e-05
37,31,2.5959739685058594,1e-05
37,32,3.4794399738311768,1e-05
37,33,2.0977702140808105,1e-05
37,34,2.17612886428833,1e-05
37,35,3.6111927032470703,1e-05
37,36,2.4342942237854004,1e-05
37,37,3.057439088821411,1e-05
37,38,2.4093286991119385,1e-05
37,39,1.6796537637710571,1e-05
37,40,2.903118371963501,1e-05
37,41,2.4184179306030273,1e-05
37,42,3.0864226818084717,1e-05
37,43,3.434404134750366,1e-05
37,44,2.2583205699920654,1e-05
38,1,3.037261962890625,1e-05
38,2,2.583331346511841,1e-05
38,3,2.787327766418457,1e-05
38,4,2.738523244857788,1e-05
38,5,2.5911455154418945,1e-05
38,6,2.329047679901123,1e-05
38,7,2.598226308822632,1e-05
38,8,3.2244796752929688,1e-05
38,9,3.3298451900482178,1e-05
38,10,3.446847915649414,1e-05
38,11,3.2977254390716553,1e-05
38,12,3.3673973083496094,1e-05
38,13,2.423257827758789,1e-05
38,14,2.36434006690979,1e-05
38,15,2.2389612197875977,1e-05
38,16,3.1019012928009033,1e-05
38,17,2.7217025756835938,1e-05
38,18,2.898787021636963,1e-05
38,19,2.7463231086730957,1e-05
38,20,2.567826271057129,1e-05
38,21,3.4343008995056152,1e-05
38,22,2.616580009460449,1e-05
38,23,2.1552047729492188,1e-05
38,24,2.631135940551758,1e-05
38,25,3.8772947788238525,1e-05
38,26,2.1820688247680664,1e-05
38,27,2.116570472717285,1e-05
38,28,2.9412667751312256,1e-05
38,29,2.0588252544403076,1e-05
38,30,3.303872585296631,1e-05
38,31,2.6416635513305664,1e-05
38,32,3.416348457336426,1e-05
38,33,2.2397549152374268,1e-05
38,34,3.1877007484436035,1e-05
38,35,2.380643367767334,1e-05
38,36,2.1242361068725586,1e-05
38,37,2.7835350036621094,1e-05
38,38,2.7574641704559326,1e-05
38,39,2.070802927017212,1e-05
38,40,2.7648115158081055,1e-05
38,41,2.399411678314209,1e-05
38,42,2.4025962352752686,1e-05
38,43,2.178065776824951,1e-05
38,44,2.9295778274536133,1e-05
39,1,3.0707554817199707,1e-05
39,2,2.66404128074646,1e-05
39,3,2.5738437175750732,1e-05
39,4,2.975128412246704,1e-05
39,5,2.433485746383667,1e-05
39,6,2.99472975730896,1e-05
39,7,2.543245553970337,1e-05
39,8,1.7764711380004883,1e-05
39,9,3.420754909515381,1e-05
39,10,2.185948610305786,1e-05
39,11,3.154406785964966,1e-05
39,12,2.803492307662964,1e-05
39,13,2.6677331924438477,1e-05
39,14,2.7839951515197754,1e-05
39,15,1.891514539718628,1e-05
39,16,3.1075990200042725,1e-05
39,17,2.6460318565368652,1e-05
39,18,2.2436938285827637,1e-05
39,19,3.260040283203125,1e-05
39,20,3.351231098175049,1e-05
39,21,3.1603496074676514,1e-05
39,22,2.735786199569702,1e-05
39,23,2.815943956375122,1e-05
39,24,1.8034183979034424,1e-05
39,25,3.224806785583496,1e-05
39,26,2.238646984100342,1e-05
39,27,2.2662692070007324,1e-05
39,28,2.905348300933838,1e-05
39,29,2.8087332248687744,1e-05
39,30,3.743108034133911,1e-05
39,31,2.6292884349823,1e-05
39,32,2.3558733463287354,1e-05
39,33,3.8593156337738037,1e-05
39,34,2.588501453399658,1e-05
39,35,2.051060199737549,1e-05
39,36,2.848289966583252,1e-05
39,37,2.274280071258545,1e-05
39,38,2.74257755279541,1e-05
39,39,2.094893455505371,1e-05
39,40,1.9836206436157227,1e-05
39,41,2.2775604724884033,1e-05
39,42,2.472104072570801,1e-05
39,43,3.379958391189575,1e-05
39,44,2.9151933193206787,1e-05
40,1,3.2532541751861572,1e-05
40,2,2.721428394317627,1e-05
40,3,2.7974414825439453,1e-05
40,4,2.5350003242492676,1e-05
40,5,2.4768142700195312,1e-05
40,6,2.090426206588745,1e-05
40,7,3.0759127140045166,1e-05
40,8,2.703059673309326,1e-05
40,9,2.56817364692688,1e-05
40,10,2.347673177719116,1e-05
40,11,2.9130606651306152,1e-05
40,12,3.016252040863037,1e-05
40,13,2.297358989715576,1e-05
40,14,2.9289369583129883,1e-05
40,15,2.288158893585205,1e-05
40,16,2.994732141494751,1e-05
40,17,2.724398136138916,1e-05
40,18,3.0055248737335205,1e-05
40,19,2.2974090576171875,1e-05
40,20,2.5887291431427,1e-05
40,21,3.369386911392212,1e-05
40,22,2.3237099647521973,1e-05
40,23,3.034161329269409,1e-05
40,24,3.3972086906433105,1e-05
40,25,2.7155914306640625,1e-05
40,26,2.97446870803833,1e-05
40,27,1.9410135746002197,1e-05
40,28,2.4951882362365723,1e-05
40,29,3.4058024883270264,1e-05
40,30,1.8504457473754883,1e-05
40,31,2.87221097946167,1e-05
40,32,2.523264169692993,1e-05
40,33,2.3825178146362305,1e-05
40,34,2.590829610824585,1e-05
40,35,2.489274024963379,1e-05
40,36,2.802091121673584,1e-05
40,37,3.3120291233062744,1e-05
40,38,1.982785940170288,1e-05
40,39,2.997852325439453,1e-05
40,40,3.268113851547241,1e-05
40,41,2.097661256790161,1e-05
40,42,2.5332388877868652,1e-05
40,43,2.2698144912719727,1e-05
40,44,2.359574794769287,1e-05
41,1,2.6083033084869385,1e-05
41,2,3.3772101402282715,1e-05
41,3,2.6765730381011963,1e-05
41,4,1.8922450542449951,1e-05
41,5,2.31445050239563,1e-05
41,6,2.109973669052124,1e-05
41,7,2.516786575317383,1e-05
41,8,2.1292855739593506,1e-05
41,9,2.5412113666534424,1e-05
41,10,3.0354208946228027,1e-05
41,11,2.7507896423339844,1e-05
41,12,2.264158248901367,1e-05
41,13,2.1164002418518066,1e-05
41,14,1.617974877357483,1e-05
41,15,3.064967632293701,1e-05
41,16,2.1371471881866455,1e-05
41,17,2.9675512313842773,1e-05
41,18,3.18943190574646,1e-05
41,19,2.2298641204833984,1e-05
41,20,2.506983995437622,1e-05
41,21,3.3472464084625244,1e-05
41,22,1.9957345724105835,1e-05
41,23,2.7410221099853516,1e-05
41,24,2.948808193206787,1e-05
41,25,2.051072120666504,1e-05
41,26,2.724776268005371,1e-05
41,27,3.1165971755981445,1e-05
41,28,2.7879014015197754,1e-05
41,29,3.3130218982696533,1e-05
41,30,2.8011112213134766,1e-05
41,31,2.964754104614258,1e-05
41,32,2.5953145027160645,1e-05
41,33,3.577406644821167,1e-05
41,34,3.2624855041503906,1e-05
41,35,2.987854242324829,1e-05
41,36,2.6373112201690674,1e-05
41,37,2.6500701904296875,1e-05
41,38,3.0512356758117676,1e-05
41,39,2.4982285499572754,1e-05
41,40,2.602710008621216,1e-05
41,41,2.7135605812072754,1e-05
41,42,2.6009507179260254,1e-05
41,43,4.117460250854492,1e-05
41,44,1.8124760389328003,1e-05
42,1,2.5428829193115234,1e-05
42,2,2.098266363143921,1e-05
42,3,3.3569540977478027,1e-05
42,4,3.268244504928589,1e-05
42,5,2.2444441318511963,1e-05
42,6,2.1744894981384277,1e-05
42,7,3.0222129821777344,1e-05
42,8,2.7203688621520996,1e-05
42,9,3.4308550357818604,1e-05
42,10,2.676961898803711,1e-05
42,11,2.23085880279541,1e-05
42,12,1.954171061515808,1e-05
42,13,2.15396785736084,1e-05
42,14,3.5297741889953613,1e-05
42,15,2.46178936958313,1e-05
42,16,3.0184199810028076,1e-05
42,17,2.6563491821289062,1e-05
42,18,2.5838804244995117,1e-05
42,19,3.1804137229919434,1e-05
42,20,2.998495578765869,1e-05
42,21,2.1928069591522217,1e-05
42,22,2.691190481185913,1e-05
42,23,2.9838600158691406,1e-05
42,24,1.9579339027404785,1e-05
42,25,2.1286282539367676,1e-05
42,26,2.858412265777588,1e-05
42,27,2.6617276668548584,1e-05
42,28,2.687551975250244,1e-05
42,29,2.4742531776428223,1e-05
42,30,3.5313494205474854,1e-05
42,31,2.6375327110290527,1e-05
42,32,2.5417675971984863,1e-05
42,33,2.8899502754211426,1e-05
42,34,2.5084657669067383,1e-05
42,35,2.797189712524414,1e-05
42,36,2.641298532485962,1e-05
42,37,4.001954078674316,1e-05
42,38,2.6113979816436768,1e-05
42,39,1.6784573793411255,1e-05
42,40,2.3080410957336426,1e-05
42,41,3.022317409515381,1e-05
42,42,3.177989959716797,1e-05
42,43,2.1744513511657715,1e-05
42,44,0.8759101629257202,1e-05
43,1,2.4965362548828125,1e-05
43,2,2.983557939529419,1e-05
43,3,2.348275899887085,1e-05
43,4,3.1398305892944336,1e-05
43,5,1.8710968494415283,1e-05
43,6,2.4643783569335938,1e-05
43,7,2.29662823677063,1e-05
43,8,2.15838885307312,1e-05
43,9,2.4002761840820312,1e-05
43,10,2.8226828575134277,1e-05
43,11,2.497312307357788,1e-05
43,12,2.6495537757873535,1e-05
43,13,3.334291458129883,1e-05
43,14,3.2990407943725586,1e-05
43,15,1.865529179573059,1e-05
43,16,2.5799245834350586,1e-05
43,17,3.557015895843506,1e-05
43,18,3.2117044925689697,1e-05
43,19,2.5260682106018066,1e-05
43,20,2.7204432487487793,1e-05
43,21,3.5337743759155273,1e-05
43,22,2.3821396827697754,1e-05
43,23,3.100759744644165,1e-05
43,24,2.4216794967651367,1e-05
43,25,2.573706865310669,1e-05
43,26,1.8947399854660034,1e-05
43,27,2.5672338008880615,1e-05
43,28,3.089606523513794,1e-05
43,29,3.374974250793457,1e-05
43,30,2.553830623626709,1e-05
43,31,2.718972682952881,1e-05
43,32,2.7100870609283447,1e-05
43,33,2.6459996700286865,1e-05
43,34,2.5289907455444336,1e-05
43,35,2.3079018592834473,1e-05
43,36,2.6594672203063965,1e-05
43,37,2.580007314682007,1e-05
43,38,2.7090070247650146,1e-05
43,39,2.665757656097412,1e-05
43,40,2.780001401901245,1e-05
43,41,2.0083718299865723,1e-05
43,42,3.132676601409912,1e-05
43,43,2.0318500995635986,1e-05
43,44,1.5540610551834106,1e-05
44,1,1.9873604774475098,1e-05
44,2,2.859008550643921,1e-05
44,3,2.859898567199707,1e-05
44,4,3.054943084716797,1e-05
44,5,2.6936733722686768,1e-05
44,6,2.555262804031372,1e-05
44,7,1.9417797327041626,1e-05
44,8,2.6972780227661133,1e-05
44,9,2.8666062355041504,1e-05
44,10,3.2112298011779785,1e-05
44,11,2.365281343460083,1e-05
44,12,2.8463213443756104,1e-05
44,13,2.3246138095855713,1e-05
44,14,2.5627684593200684,1e-05
44,15,2.627413272857666,1e-05
44,16,2.973471164703369,1e-05
44,17,1.802507996559143,1e-05
44,18,2.3409695625305176,1e-05
44,19,2.582144021987915,1e-05
44,20,3.417234182357788,1e-05
44,21,2.381443738937378,1e-05
44,22,2.8480405807495117,1e-05
44,23,2.3904857635498047,1e-05
44,24,3.3644142150878906,1e-05
44,25,2.3188283443450928,1e-05
44,26,3.1243748664855957,1e-05
44,27,2.223503828048706,1e-05
44,28,2.083101272583008,1e-05
44,29,3.0506751537323,1e-05
44,30,3.5745701789855957,1e-05
44,31,3.5955870151519775,1e-05
44,32,1.9108306169509888,1e-05
44,33,2.488757371902466,1e-05
44,34,3.160897731781006,1e-05
44,35,2.238682746887207,1e-05
44,36,2.920067071914673,1e-05
44,37,2.2027993202209473,1e-05
44,38,2.9923019409179688,1e-05
44,39,2.663052797317505,1e-05
44,40,2.1533825397491455,1e-05
44,41,2.226102352142334,1e-05
44,42,2.2560606002807617,1e-05
44,43,3.1234278678894043,1e-05
44,44,2.0164716243743896,1e-05
45,1,2.5320487022399902,1e-05
45,2,3.1440136432647705,1e-05
45,3,2.3111743927001953,1e-05
45,4,2.775660753250122,1e-05
45,5,2.0053200721740723,1e-05
45,6,2.709561347961426,1e-05
45,7,2.536055564880371,1e-05
45,8,2.702436685562134,1e-05
45,9,3.4018216133117676,1e-05
45,10,2.6091151237487793,1e-05
45,11,2.5061614513397217,1e-05
45,12,2.1268210411071777,1e-05
45,13,3.2081286907196045,1e-05
45,14,2.394699811935425,1e-05
45,15,4.040835380554199,1e-05
45,16,2.850597858428955,1e-05
45,17,2.434913158416748,1e-05
45,18,2.457759380340576,1e-05
45,19,2.91796612739563,1e-05
45,20,1.9673936367034912,1e-05
45,21,3.461747646331787,1e-05
45,22,2.120485782623291,1e-05
45,23,2.9107120037078857,1e-05
45,24,2.3849334716796875,1e-05
45,25,2.6617181301116943,1e-05
45,26,2.5165553092956543,1e-05
45,27,2.951380729675293,1e-05
45,28,2.672328233718872,1e-05
45,29,2.2481167316436768,1e-05
45,30,2.2198328971862793,1e-05
45,31,2.83192777633667,1e-05
45,32,1.9407248497009277,1e-05
45,33,3.8694067001342773,1e-05
45,34,2.3073678016662598,1e-05
45,35,2.481625556945801,1e-05
45,36,3.2167484760284424,1e-05
45,37,2.250774621963501,1e-05
45,38,2.6388416290283203,1e-05
45,39,2.6357839107513428,1e-05
45,40,1.8664331436157227,1e-05
45,41,2.564816474914551,1e-05
45,42,2.1102585792541504,1e-05
45,43,2.127852439880371,1e-05
45,44,2.0481135845184326,1e-05
46,1,1.753990888595581,1e-05
46,2,3.147134304046631,1e-05
46,3,2.725295305252075,1e-05
46,4,2.9407334327697754,1e-05
46,5,3.024167776107788,1e-05
46,6,3.4559402465820312,1e-05
46,7,3.149718761444092,1e-05
46,8,3.4176106452941895,1e-05
46,9,3.092618465423584,1e-05
46,10,2.8818466663360596,1e-05
46,11,3.6295199394226074,1e-05
46,12,2.525817394256592,1e-05
46,13,1.4735723733901978,1e-05
46,14,1.8957087993621826,1e-05
46,15,2.12585186958313,1e-05
46,16,2.5144858360290527,1e-05
46,17,2.7629547119140625,1e-05
46,18,2.8533482551574707,1e-05
46,19,2.1347410678863525,1e-05
46,20,1.889164924621582,1e-05
46,21,2.157175302505493,1e-05
46,22,2.1272716522216797,1e-05
46,23,2.210500955581665,1e-05
46,24,2.092288017272949,1e-05
46,25,2.924372434616089,1e-05
46,26,1.8935844898223877,1e-05
46,27,3.3080458641052246,1e-05
46,28,3.6321020126342773,1e-05
46,29,2.3303020000457764,1e-05
46,30,2.442699432373047,1e-05
46,31,2.4594788551330566,1e-05
46,32,2.341283082962036,1e-05
46,33,2.8433680534362793,1e-05
46,34,2.1657071113586426,1e-05
46,35,3.5005502700805664,1e-05
46,36,2.3301236629486084,1e-05
46,37,2.4283595085144043,1e-05
46,38,3.283686637878418,1e-05
46,39,2.1659698486328125,1e-05
46,40,2.680938959121704,1e-05
46,41,2.938185453414917,1e-05
46,42,2.270981788635254,1e-05
46,43,3.8924803733825684,1e-05
46,44,1.9834158420562744,1e-05
47,1,2.4628028869628906,1e-05
47,2,1.6858129501342773,1e-05
47,3,2.2816123962402344,1e-05
47,4,2.3295681476593018,1e-05
47,5,2.4160385131835938,1e-05
47,6,3.1989905834198,1e-05
47,7,2.5138447284698486,1e-05
47,8,2.238874673843384,1e-05
47,9,2.6811788082122803,1e-05
47,10,3.239945411682129,1e-05
47,11,3.575636625289917,1e-05
47,12,2.6474111080169678,1e-05
47,13,1.7437098026275635,1e-05
47,14,2.4307453632354736,1e-05
47,15,2.5237104892730713,1e-05
47,16,2.455536127090454,1e-05
47,17,2.6788995265960693,1e-05
47,18,2.2427449226379395,1e-05
47,19,2.9988927841186523,1e-05
47,20,2.4574637413024902,1e-05
47,21,3.5209600925445557,1e-05
47,22,2.707838296890259,1e-05
47,23,3.0141286849975586,1e-05
47,24,2.3157129287719727,1e-05
47,25,2.3193199634552,1e-05
47,26,2.987210750579834,1e-05
47,27,3.241565227508545,1e-05
47,28,2.9655027389526367,1e-05
47,29,3.1539571285247803,1e-05
47,30,2.467808485031128,1e-05
47,31,2.1370046138763428,1e-05
47,32,2.96155047416687,1e-05
47,33,1.915232539176941,1e-05
47,34,2.676564931869507,1e-05
47,35,2.797199010848999,1e-05
47,36,2.2688283920288086,1e-05
47,37,2.251702070236206,1e-05
47,38,2.6117682456970215,1e-05
47,39,2.865753412246704,1e-05
47,40,2.3336219787597656,1e-05
47,41,2.5425057411193848,1e-05
47,42,2.048881769180298,1e-05
47,43,3.467784881591797,1e-05
47,44,1.516897439956665,1e-05
48,1,2.7011666297912598,1e-05
48,2,2.7312262058258057,1e-05
48,3,3.7844085693359375,1e-05
48,4,2.8350577354431152,1e-05
48,5,2.3048038482666016,1e-05
48,6,1.7272199392318726,1e-05
48,7,3.232609987258911,1e-05
48,8,2.621649742126465,1e-05
48,9,2.0895073413848877,1e-05
48,10,2.681520938873291,1e-05
48,11,1.6461325883865356,1e-05
48,12,2.923614978790283,1e-05
48,13,2.7243545055389404,1e-05
48,14,2.4317429065704346,1e-05
48,15,2.375483989715576,1e-05
48,16,3.061971664428711,1e-05
48,17,3.998267889022827,1e-05
48,18,4.0446977615356445,1e-05
48,19,2.4496090412139893,1e-05
48,20,2.3727259635925293,1e-05
48,21,1.6559746265411377,1e-05
48,22,2.8603479862213135,1e-05
48,23,2.3672561645507812,1e-05
48,24,2.602313280105591,1e-05
48,25,2.343400001525879,1e-05
48,26,2.825881004333496,1e-05
48,27,2.45627760887146,1e-05
48,28,2.5504379272460938,1e-05
48,29,2.21368670463562,1e-05
48,30,2.64326548576355,1e-05
48,31,2.6537060737609863,1e-05
48,32,1.6281754970550537,1e-05
48,33,2.3337838649749756,1e-05
48,34,2.5258524417877197,1e-05
48,35,2.2217650413513184,1e-05
48,36,3.0060958862304688,1e-05
48,37,2.1961748600006104,1e-05
48,38,2.733997344970703,1e-05
48,39,2.948909282684326,1e-05
48,40,2.289851427078247,1e-05
48,41,1.6337196826934814,1e-05
48,42,2.2098569869995117,1e-05
48,43,2.5521953105926514,1e-05
48,44,2.0163631439208984,1e-05
49,1,2.6686205863952637,1e-05
49,2,1.415293574333191,1e-05
49,3,2.2763445377349854,1e-05
49,4,1.8383346796035767,1e-05
49,5,2.318857431411743,1e-05
49,6,3.3520588874816895,1e-05
49,7,2.6787655353546143,1e-05
49,8,3.5178542137145996,1e-05
49,9,2.171103000640869,1e-05
49,10,2.9491827487945557,1e-05
49,11,2.8836894035339355,1e-05
49,12,2.878591537475586,1e-05
49,13,2.3208866119384766,1e-05
49,14,1.97389554977417,1e-05
49,15,3.0738210678100586,1e-05
49,16,2.260769844055176,1e-05
49,17,3.0519661903381348,1e-05
49,18,2.2867519855499268,1e-05
49,19,3.3479158878326416,1e-05
49,20,2.0270400047302246,1e-05
49,21,4.51153039932251,1e-05
49,22,2.626511573791504,1e-05
49,23,2.252746105194092,1e-05
49,24,1.9872571229934692,1e-05
49,25,2.5418927669525146,1e-05
49,26,3.125136137008667,1e-05
49,27,2.6171164512634277,1e-05
49,28,2.252227544784546,1e-05
49,29,2.161282777786255,1e-05
49,30,2.0970821380615234,1e-05
49,31,2.709864616394043,1e-05
49,32,2.296281576156616,1e-05
49,33,3.3692593574523926,1e-05
49,34,3.115751266479492,1e-05
49,35,2.400190830230713,1e-05
49,36,2.5945725440979004,1e-05
49,37,2.4866931438446045,1e-05
49,38,2.5903706550598145,1e-05
49,39,2.40915846824646,1e-05
49,40,2.894118070602417,1e-05
49,41,2.5381503105163574,1e-05
49,42,2.8398728370666504,1e-05
49,43,2.152230978012085,1e-05
49,44,1.5014346837997437,1e-05
50,1,2.265496015548706,1e-05
50,2,2.401055335998535,1e-05
50,3,2.645970344543457,1e-05
50,4,2.4983043670654297,1e-05
50,5,2.071341037750244,1e-05
50,6,3.2113590240478516,1e-05
50,7,2.416768789291382,1e-05
50,8,3.0674870014190674,1e-05
50,9,2.9276695251464844,1e-05
50,10,2.7044992446899414,1e-05
50,11,1.7236217260360718,1e-05
50,12,2.840623378753662,1e-05
50,13,2.7589869499206543,1e-05
50,14,2.5724453926086426,1e-05
50,15,2.990659475326538,1e-05
50,16,1.996455192565918,1e-05
50,17,2.500936985015869,1e-05
50,18,3.287529945373535,1e-05
50,19,2.9997103214263916,1e-05
50,20,2.7464487552642822,1e-05
50,21,2.768962860107422,1e-05
50,22,2.463801145553589,1e-05
50,23,2.8695778846740723,1e-05
50,24,2.487036943435669,1e-05
50,25,2.2256734371185303,1e-05
50,26,2.414868116378784,1e-05
50,27,2.251634120941162,1e-05
50,28,2.2488396167755127,1e-05
50,29,2.9601316452026367,1e-05
50,30,2.6830921173095703,1e-05
50,31,2.0031216144561768,1e-05
50,32,2.580289125442505,1e-05
50,33,3.617274284362793,1e-05
50,34,2.496903657913208,1e-05
50,35,2.8707165718078613,1e-05
50,36,2.226642608642578,1e-05
50,37,1.6898828744888306,1e-05
50,38,3.4094886779785156,1e-05
50,39,2.407219648361206,1e-05
50,40,2.626340389251709,1e-05
50,41,2.546708106994629,1e-05
50,42,2.1388955116271973,1e-05
50,43,2.0888984203338623,1e-05
50,44,1.6320620775222778,1e-05
